S#,Name of Authors,Title of Research Paper,Journal Full Name,Name of Journal,IF,Source for verification,Year,Volume#,Page#,Category of Journal
1,"   Akrajas Ali Umar, Suratun Nafisah, Siti Khatijah Md Saad, Aamna Balouch, Sin Tee Tan, Muhamad Mat Salleh, Munetaka Oyama, ", Poriferous microtablet of anatase TiO2 growth on an ITO surface for high-efficiency dye-sensitized solar cells.  ,Solar Energy Materials And Solar Cells,Solar Energy Materials and Solar Cells,5.03,http://www.elsevier.com/wps/find/journaldescription.cws_home/505675/description#description,2014,122,174–182.,
2,"A Mujeeb-Kazi, AG Kazi, I Dundas, A Rasheed, H Bux, P Chen, R Wang, SS Xu, T Mahmood:",Genetic diversity for wheat improvement as a conduit to food security,Advances in Agronomy,Advances in Agronomy,5.021,http://www.sciencedirect.com/science/journal/00652113,2013,122,", 179-257",
3,"Qazi M. A, Ocak Ü., Ocak M., and Memon S,  ","An excellent Cu(II) selective chemosensor based on calix[4]arene framework,",Analytica Chimica Acta, Analytica Chimica Acta http://dx.doi:10.1016/j.aca.2012.11.026,4.517,http://www.elsevier.com/wps/find/journaldescription.cws_home/502681/description#description,2012,761(1),157-168,
4,"Naeemullah, Tasneem Gul Kazi, Mustafa Tuzen, Faheem Shah, Hassan Imran Afridi, Demirhan Citak,",Development of a new green non-dispersive ionic liquid microextraction method in a narrow glass column for determination of cadmium prior to couple with graphite furnace atomic absorption spectrometry,Analytica Chimica Acta," Analytica Chimica Acta,",4.517,http://www.elsevier.com/wps/find/journaldescription.cws_home/502681/description#description,"2014,",,",  59-64.",
5,"Qazi M. A, Ocak Ü., Ocak M., and Memon S",An excellent Cu(II) selective chemosensor based on calix[4]arene framework,Analytica Chimica Acta,Anal Chim Acta ,4.517,http://www.elsevier.com/wps/find/journaldescription.cws_home/502681/description#description,2013,761(1),157-168,
6,"S. S. Hassan, Y. Liu, Sirajuddin. A. R. Solangi, A. M. Bond, J. Zhang, ","Phosphomolybdate-doped-poly(3,4-ethylenedioxythiophene) coated gold nanoparticles: Synthesis, characterization and electrocatalytic reduction of bromate,",Analytica Chimica Acta,Anal. Chim. Acta,4.517,http://www.elsevier.com/wps/find/journaldescription.cws_home/502681/description#description,2013,803,41-46,
7,"Syeda Sara Hassan, Yuping Liu, Sirajuddin, Amber R. Solangi, Alan M. Bond, Jie Zhang, “ ","Phosphomolybdate-doped-poly(3,4-ethylenedioxythiophene) coated gold nanoparticles: Synthesis, characterization and electrocatalytic reduction of bromated",Analytica Chimica Acta,Anal. Chim. Acta,4.517,http://www.elsevier.com/wps/find/journaldescription.cws_home/502681/description#description,2013,803,41-46,
8,"Huma Shaikh, Najma Memon, MI Bhanger, SM Nizamani, A Denizli,",Core-shell molecularly imprinted polymer-based solid-phase microextraction fiber for ultra trace analysis of endosulfan I and II in real aqueous matrix through GC-microECD,Journal of Chromatography A," Journal of Chromatography A, http://dx.doi.org/10.1016/j.chroma.2014.02.035",4.258,http://www.elsevier.com/wps/find/journaldescription.cws_home/502688/description#description,2014,,,
9," A. R. Khaskheli, Jan Fischer, Ji?rí Barek, Vlastimil Vysko?cil, Sirajuddin,   M. I. Bhanger","Differential pulse voltammetric determination of paracetamol in tablet and urine samples at a micro-crystalline natural graphite–polystyrene composite film modified electrode,",Electrochim Acta, Electrochim Acta ,4.086,http://www.elsevier.com/wps/find/journaldescription.cws_home/205/description#description,2013,(84)  . 101,238 – 242,
10," Zafar Hussain Ibupoto, N Jamal, K Khun, Xianjie Liu and Magnus Willander  ","A potentiometric immunosensor based on silver nanoparticles decorated ZnO nanotubes, for the selective detection of d-dimer ",Sensors And Actuators B-Chemical,"Sensors and actuators. B, Chemical",3.84,http://www.elsevier.com/wps/find/journaldescription.cws_home/504104/description#description,2013,182, 104-111.,
11,"N. H. Kalwar, Sirajuddin,  S. T. H. Sherazi, A. R. Khaskheli, K. R. Hallam, T. B. Scott, Z. A. Tagar, S. S. Hassan, R. A. Soomro",Fabrication of small l-threonine capped nickel nanoparticles and their catalytic application,Applied Catalysis A: General,Appl. Catal. A ,3.674,http://www.elsevier.com/wps/find/journaldescription.cws_home/500856/authorinstructions,2013,453,54-59,
12,"Nazar H Kalwar,  Sirajuddin, Syed Tufail H Sherazi, Abdul R Khaskheli,  Keith R Hallam,  Thomas B Scott,  Zulfiqar A Tagar, Syeda S Hassan, Razium A Soomro,  ",Fabrication of Small L-Threonine Capped Nickel Nanoparticles and Their Catalytic Application,Applied Catalysis A: General,Applied Catalysis A: General,3.674,http://www.elsevier.com/wps/find/journaldescription.cws_home/500856/authorinstructions,2013,453,54-59,
13,"Zafar Hussain Ibupoto, K Khun, Jun Lu and Magnus Willander   ","The synthesis of CuO nanoleaves, structural characterization, and their glucose sensing application  ",Applied Physics Letters,Applied Physics Letters,3.515,http://apl.aip.org/,2013,102(10),,
14,"S. K. Wadhwa, M. Tuzen, T. G. Kazi, M. Soylak",Graphite furnace atomic absorption spectrometric detection of vanadium in water and food samples after solid phase extraction on multiwalled carbon nanotubes,Talanta ,Talanta ,3.511,http://www.elsevier.com/wps/find/journaldescription.cws_home/525438/description#description,2013,116,205-209,
15,"S. K. Wadhwa, M. Tuzen, T. G. Kazi, M. Soylak,  ",Graphite furnace atomic absorption spectrometric detection of vanadium in water and food samples after solid phase extraction on multiwalled carbon nanotubes,Talanta ,Talanta ,3.511,http://www.elsevier.com/wps/find/journaldescription.cws_home/525438/description#description,2013,116,205-209,
16,"  K. D. Brahman, T. G. Kazi J.A. Baig, H. I. Afridi, S.S. Arain, M.B. Arain",", Fluoride and arsenic exposure through water and grain crops in Nagarparkar, Pakistan",Chemosphere ,Chemosphere ,3.499,http://www.elsevier.com/wps/find/journaldescription.cws_home/362/description,-2014,"100, ", 182–189. ,
17,"Naeem Ullah, M. Tuzen, T.G. Kazi, D. Citak, M. Soylak",Pressure assisted ionic-liquid dispersive microextraction for vanadium coupled to  electrothermal atomic absorption spectrometry,Journal of Analytical Atomic Spectrometry,J Anal Atom Spectrom,3.396,http://pubs.rsc.org/en/journals/journalissues/ja,2013,28,1441-1445,
18,"Faheem Shah, M. Soylak, T.G. Kazi, H.I. Afridi, ",Preconcentration of lead from aqueous solution with activated carbon cloth prior to analysis by flame atomic absorption spectrometry: a multivariate study.,Journal of Analytical Atomic Spectrometry,J. Anal. At. Spectrom (2013),3.396,http://pubs.rsc.org/en/journals/journalissues/ja,2013,28,601-605,
19,"Faheem Shah, M. Soylak, T.G. Kazi, H.I. Afridi,  ",Preconcentration of lead from aqueous solution with activated carbon cloth prior to analysis by flame atomic absorption spectrometry: a multivariate study.,Journal of Analytical Atomic Spectrometry,J. Anal. At. Spectrom doi:10.1039/C3JA30387,3.396,http://pubs.rsc.org/en/journals/journalissues/ja,2013,28,601-605,
20,"NaeemUllah, M.Tuzen, T.G. Kazi, D. Citak, M. Soylak",Pressure assisted  ionic-liquid dispersive microextraction for vanadium coupled to  electrothermal atomic absorption spectrometry,Journal of Analytical Atomic Spectrometry,Journal of Analytical Atomic Spectrometry ,3.396,http://pubs.rsc.org/en/journals/journalissues/ja,2013,28,141-1445,
21,"Sana Jawaid, Farah N Talpur, S T H Sherazi, Shafi M Nizamani, Abid A Khaskheli",Rapid detection of melamine adulteration in dairy milk by SB-ATR-Fourier transform infrared spectroscopy,Food Chemistry,Food Chem,3.259,http://www.elsevier.com/wps/find/journaldescription.cws_home/405857/description,2013,141(3),3066,
22,"yaz Ali Memon, Najma Memon, Devanand L. Luthria, M. I. Bhanger","A., Assay of phenolic compounds from four species of Ber (Ziziphus mauritiana L.) Fruits: Comparison of three base hydrolysis procedures for quantification of total phenolic acids",Food Chemistry,Food Chem,3.259,http://www.elsevier.com/wps/find/journaldescription.cws_home/405857/description,2013,139,496-502,
23,"Ayaz Ali Memon, Najma Memon, Devanand L. Luthria, M. I. Bhanger.,  ",Assay of phenolic compounds from four species of Ber (Ziziphus mauritiana L.) Fruits: Comparison of three base hydrolysis procedures for quantification of total phenolic acids,Food Chemistry,Food Chemistry,3.259,http://www.elsevier.com/wps/find/journaldescription.cws_home/405857/description,2013,139,496–502,
24,"Sana Jawaid, F. N. Talpur, S.T.H. Sherazi,   ",Rapid detection of melamine adulteration in dairy milk by SB-ATR-Fourier transform infrared spectroscopy,Food Chemistry,Food Chemistry,3.259,http://www.elsevier.com/wps/find/journaldescription.cws_home/405857/description,2013,141,3066-3071,
25," S. K. Wadhwa, M. Tuzen, T. G. Kazi, M. Soylak, B. Hazer, ","Polyhydroxybutyrate-b-polyethyleneglycol block copolymer for the solid phase extraction of lead and copper in water, baby foods, tea and coffee samples.",Food Chemistry,Food Chemistry (,3.259,http://www.elsevier.com/wps/find/journaldescription.cws_home/405857/description,2014)  –,,152 75,
26,"Samejo, M.Q.; Memon, S.; Bhanger, M.I. and Khan, K.M",Synthesis of amino substituted p-tert-butylcalix[4]arene for the removal of Chicago Sky Blue and Tropaeolin 000 azo dyes from aqueous environment,Industrial Crops and Products," Ind. Crops Prod224 (1) 1424, 2013,
http://dx.doi:10.1007/s11270-012-1424 ",3.208,http://www.elsevier.com/wps/find/journaldescription.cws_home/522825/description,2013,45(1),293-295,
27,"amejo, M. Q., Memon, S., Bhanger, M. I. and Khan, K. M",Essential oil constituents of fruit and stem of Calligonum polygonoides,Industrial Crops and Products,. Industrial Crops and Products,3.208,http://www.elsevier.com/wps/find/journaldescription.cws_home/522825/description,2013," 45,",293-295,
28,"Laghari A.Q., Memon S., Nelofar A. and Laghari A.H",Tecomella undulata G. Don: A Rich Source of Flavonoids,Industrial Crops and Products,Ind. Crops Prod,3.208,http://www.elsevier.com/wps/find/journaldescription.cws_home/522825/description,2013,43 (1) ,213-217,
29,"Laghari A.Q., Memon S., Nelofar A. and Laghari A.H. “ ",Tecomella undulata G. Don: A Rich Source of Flavonoids,Industrial Crops and Products,Ind. Crops Prod,3.208,http://www.elsevier.com/wps/find/journaldescription.cws_home/522825/description,2013,43(1),213-217,
30,"Samejo, M.Q.; Memon, S.; Bhanger, M.I. and Khan, K.M. ",Essential oil constituents of fruit and stem of Calligonum polygonoides,Industrial Crops and Products,Ind. Crops Prod,3.208,http://www.elsevier.com/wps/find/journaldescription.cws_home/522825/description,2013,45(1),293-295,
31,"AK Shah, ZM Ali, AR Memon, AJ Laghari, MA Mughal, SFA Shah,",Exploitation of Low Cost Coal Fly Ash Adsorbent with Coagulants for the Treatment of Industrial Complex Nature Dyes Wastewater. ,International Journal of Scientific & Engineering Research, ...International Journal of Scientific & Engineering Research,3.2,http://www.ijser.org/,2013,4(9),190-119 ,
32,"Moina Akhtar Mughal, Akhtar Mughal, Zeenat M. Ali, Ghulam Zuhra Memon, Mohammad Yar Khuhawar, Hussain Saleem     ","Pak-Japan  Relations: A multidimensional engagement"" Asia Pacific:",International Journal of Scientific & Engineering Research,International Journal of Scientific &amp; Engineering Research http://www.ijser.org  ,3.2,http://www.ijser.org/,2013,volume 4 issue 9,,
33,"Altaf H. Nizamani 1 , Saeed A. Buzdar 2 , Bilal Rasool 3 , Nek M. Shaikh 1 , Hussain Saleem ",Computer - Based Frequency Drift Control  of Multiple  LASER s in Real - Time ,International Journal of Scientific & Engineering Research,nternational Journal of Scientific & Engineering Researc,3.2,http://www.ijser.org/,2013,4, 2229 - 5518 ,
34,"Altaf H. Nizamani 1 , Bilal Rasool 2 , M uhammad Tahir 2 ,3 , Nek M. Shaikh 1 , Hussain ",Adiabatic ION Shuttling Protocols in  Outer - Segmented - Electrode Surface ION Traps Saleem ,International Journal of Scientific & Engineering Research,International Journal of Scientific & Engineering Research,3.2,http://www.ijser.org/,2013,4, 2229 - 5518 ,
35,"YAG laser Nek. M. Shaikha,   M.S. Kalhoroa,  Abid Hussaina,  M.A. Baigb","Spectroscopic study of a lead plasma produced by the 1064 nm, 532 nm and 355 nm of a Nd:, c Spectrochimica",Spectrochimica Acta Part B-Atomic Spectroscopy, Acta Part B: Atomic Spectroscopy ,3.15,http://www.sciencedirect.com/science/journal/05848547,2013,"vol 88, 1",198-202,
36,"Nek. M. Shaikha, b, c, , ,  M.S. Kalhoroa,  Abid Hussaina,  M.A. Baigb","Spectroscopic study of a lead plasma produced by the 1064 nm, 532 nm and 355 nm of a Nd:YAG laser ",Spectrochimica Acta Part B-Atomic Spectroscopy,Spectrochimica Acta Part B: Atomic Spectroscopy,3.15,http://www.sciencedirect.com/science/journal/05848547,2013,88,198-202,
37,"IB Solangi, F Özcan, G Arslan, M Ersöz,  ","Transportation of Cr (VI) through calix [4] arene based supported liquid membrane, ",Separation And Purification Technology,Separation and Purification Technology ,3.065,http://www.elsevier.com/wps/find/journaldescription.cws_home/600251/description#description,2013,118,470-478,
38," Asif Ali Bhatti, Shahabuddin Memon and Najma Memon. ",Dichromate Extraction by Calix[4]arene Appended Amberlite XAD-4 Resin. ,Separation Science And Technology,  Sep Sci Technol ,3.065,http://www.elsevier.com/wps/find/journaldescription.cws_home/600251/description#description,", 2014.",49 (5) ,664-672,
39,"Hassan Imran Afridi, Tasneem Gul Kazi, Dermot Brabazon, Sumsun Naher, Farah Naz Talpur",Comparative metal distribution in scalp hair of Pakistani and Irish referents and diabetic mellitus patients,Clinica Chimica Acta,Clinica Chimica Acta,2.764,http://www.elsevier.com/wps/find/journaldescription.cws_home/506018/description#description,2013,16;415:207,14,
40,"H. I. Afridi, T. G. Kazi, F.N. Talpur, D. Brabazon, Sumsun Naher",Estimation of toxic elements in the samples of different cigarette and their impact on human health of Irish hypertensive consumers,Clinica Chimica Acta,Clinica Chimica Acta,2.764,http://www.elsevier.com/wps/find/journaldescription.cws_home/506018/description#description,2013,426,51-57,
41,"H. I. Afridi, T. G. Kazi, D. Brabazon, Sumsun Naher",Comparative metal distribution in scalp hair of Pakistani and Irish referents and diabetic mellitus patients,Clinica Chimica Acta,Clinica Chimica Acta doi: 10.1016/j.cca.2012.10.029,2.764,http://www.elsevier.com/wps/find/journaldescription.cws_home/506018/description#description,2013,415,207-214,
42,"M. B. Arain T.G. Kazi, J. A. Baig, H. I. Afridi, Sarajuddin, K. D. Brahman, H. Panhwar, S.S. Arain",Co-exposure of arsenic and cadmium through drinking water and tobacco smoking: Risk assessment on kidney dysfunction,Environmental Science and Pollution Research,Environmental Science and Pollution Research,2.757,http://www.springer.com/environment/journal/11356,2014,1,,
43,"Tasneem Gul Kazi, Faheem Shah, Hafeezur Rehman, Hassan Imran Afridi, Naeemullah, Sadaf Sadia Arain",Exposure of lead to mothers and their new born infants residents of industrial and urban areas of Pakistan,Environmental Science and Pollution Research,Environmental Science Pollution Research journal,2.757,http://www.springer.com/environment/journal/11356,2014 accepted,accepted -2014,,
44,"S.S. Arain, T.G. Kazi , H.I. Afridi, J.A. Arain,  Naeemullah, K.D. Brahman, ",Determination of nickel in blood and serum samples of oropharyngeal cancer patients consumed smokeless tobacco products by cloud point extraction coupled with flame atomic absorption spectrometry. ,Environmental Science and Pollution Research,Environmental Science Pollution Research journal (accepted).,2.757,http://www.springer.com/environment/journal/11356,accepted,3,,
45,"hatti, A.A.; Memon S.; Memon N.; Bhatti, A.A. and Solangi,", B I.B. Evaluation of chromium(VI) sorption efficiency of modified Amberlite XAD-4 resin,Arabian Journal of Chemistry, Arab. J. Chem.,2.684,NA,2014 accepted,,,
46,"Memon, S. Kamboh, M.A.; Bhatti, A.A.; Solangi, I.B.; and Sherazi S.T.H. ",dsorption of direct black-38 azo dye on p-tert-butylcalix[6]arene immobilized material. ,Arabian Journal of Chemistry, Arab. J. Chem. ,2.684,NA,2014,7 ( 1) ,125–131 ,
47,"UA Qureshi, AR Solangi, S. Q Memon, SI Hyder Taqvi",Utilization of Pine Nut Shell derived carbon as an efficient alternate for sequestration of Phthalates from aqueous system,Arabian Journal of Chemistry, Arabian J. Chem DOI: 10.1016/j.arabjc.2013.08.018 4,2.684,NA,2013,,,
48," M. Ali, S.T.H. Sherazi, S.A. Mahesar.",Quantification of Erythromycin in Pharmaceutical Formulation by Transmission Fourier Transform Infrared Spectroscopy.,Arabian Journal of Chemistry,Arab J Chem ,2.684,NA,2013,,,
49,"Bhatti, A.A.; Memon S.; Memon N.; Bhatti, A.A. and Solangi, I.B",Evaluation of chromium(VI) sorption efficiency of modified Amberlite XAD-4 resin,Arabian Journal of Chemistry,Arab J Chem (Accepted),2.684,NA,2013,55,,
50,"Muhammad Afzal Kamboh, Asif Ali Bhatti, Imam Bakhsh Solangi, S.T.H. Sherazi, Shahabuddin Memon","Identification of errors in antibiotics’ prescriptions and prescription writing trends in areas of Hyderabad Sindh, Pakistan",African journal of pharmacy and pharmacology,African journal of pharmacy and pharmacology,,NA,2013,,,
51,"Memon, S. Kamboh, M.A.; Bhatti, A.A.; Solangi, I.B.; and Sherazi S.T.H. ",Adsorption of direct black-38 azo dye on p-tert-butylcalix[6]arene immobilized material,Arabian Journal of Chemistry,Arab J Chem doi: 10.1016/j.arabjc.2013.06.033 (accepted),2.684,NA,accepted,,,
52,"Asif Ali Bhatti, Shahabuddin Memon, Najma Memon, Ashfaque Ali Bhatti, Imam Bakhsh Solangi","Evaluation of Chromium (VI) Sorption Efficiency of Modified Amberlite XAD-4 Resin,",Arabian Journal of Chemistry,Arabian Journal of Chemistry,2.684,NA,2013,,,
53,"S. T. H. Sherazi, Muhammad Ali, S. A. Mahesar,  ","Quantification of Erythromycin in Pharmaceutical Formulation by Transmission Fourier Transform Infrared Spectroscopy,",Arabian Journal of Chemistry,"Arabian Journal of Chemistry, (Accepted)",2.684,NA,accepted,,,
54," Umair A. Qureshi, Amber R. Solangi,  Saima Q. Memon,  S. Iqleem H. Taqvi,  ",Utilization of Pine Nut Shell derived Carbon as an efficient alternate for the sequestration of Phthalates from aqueous system,Arabian Journal of Chemistry,Arb J Chem 2013 (in press).,2.684,NA,2013,,,
55,"Minhas F.T., Memon S., Bhanger M.I., Nadeem I., and Mujahid M. ",Solvent Resistant Thin Film Composite Nanofiltration Membrane: Characterization and Permeation Study,Applied Surface Science, Appl. Surf. Sci,2.538,http://www.elsevier.com/wps/find/journaldescription.cws_home/505669/description#description,2013,282(1),887-897,
56," Y. Junejo, Sirajuddin, A. Baykal, M. Safdar, A. Balouch,","A novel green synthesis and characterization of Ag NPs with its ultra-rapid catalytic reduction of methyl green dye, Accepted in ",Applied Surface Science,  Appl. Surf. Sci   :,2.538,http://www.elsevier.com/wps/find/journaldescription.cws_home/505669/description#description,2014 ;,290 (1), 499–503.,
57,"K Khun, Zafar Hussain Ibupoto, C O. Chey, Jun Lu, Omer Nur and Magnus Willander   ",Comparative study of ZnO nanorods and thin films for chemical and biosensing applications and the development of ZnO nanorods based potentiometric strontium ion sensor,Applied Surface Science,Applied Surface Science,2.538,http://www.elsevier.com/wps/find/journaldescription.cws_home/505669/description#description,2013,268,37-43,
58,"K. Khun, Zafar Hussain Ibupoto and Magnus Willander   ",Urea Assisted Synthesis of Flower Like CuO Nanostructures and Their Chemical Sensing Application for the Determination of Cadmium Ions,Electroanalysis,Electroanalysis,2.502,http://onlinelibrary.wiley.com/journal/10.1002/(ISSN)1521-4109,2013,25(6,1425-1432,
59,"K. D Brahman, T. G. Kazi, H. I. Afridi, S. Naseem, S. S. Arain, S.K. Wadhwa, F. Shah ",Simultaneously evaluate the toxic levels of fluoride and arsenic species in underground water of Tharparkar and possible contaminant sources: A multivariate study ,Ecotoxicolgy and Environmental Safety,Ecotoxicol Environ Safety,2.482,http://www.sciencedirect.com/science/journal/01476513,2013,89,95-107,
60,"T. G. Kazi, A. Q. Shah, H. I. Afridi, N. A. Shah; M. B.Arain,",Hazardous impact of organic arsenical compounds in chicken feed on different tissues of broiler chicken and manure,Ecotoxicolgy and Environmental Safety,Ecotoxicol Environ Safety,2.482,http://www.sciencedirect.com/science/journal/01476513,2013,87,120-123,
61,"Arain, S.S., Kazi, T.G., Arain, J.B., Afridi, H.I., Brahman, K.D., Shah, F., Naeemullah, Panhwar, A.H","Simultaneous preconcentration of toxic elements in artificial saliva extract of smokeless tobacco product, mainpuri by cloud point extraction method Ecotoxicology and environmental safety",Ecotoxicolgy and Environmental Safety,Ecotoxicol Environ Safety ,2.482,http://www.sciencedirect.com/science/journal/01476513,2013,"92,",289–296.,
62,"T. G. Kazi, A. Q. Shah, H. I. Afridi, N. A. Shah; M. B.Arain,  ",Hazardous impact of organic arsenical compounds in chicken feed on different tissues of broiler chicken and manure,Ecotoxicolgy and Environmental Safety,Ecotoxicolgy and Environmental Safety doi: 10.1016/j.ecoenv.2012.10.012,2.482,http://www.sciencedirect.com/science/journal/01476513,2012,87,120-123,
63,"Arain, S.S., Kazi, T.G., Arain, J.B., Afridi, H.I., Brahman, K.D., Shah, F., Naeemullah, Panhwar, A.H  ","Simultaneous preconcentration of toxic elements in artificial saliva extract of smokeless tobacco product, mainpuri by cloud point extraction method Ecotoxicology and environmental safety",Ecotoxicolgy and Environmental Safety,Ecotoxicology and Environmental Safety,2.482,http://www.sciencedirect.com/science/journal/01476513,2013,92,",289–296",
64,"Mazhar Ali Abbasi, Zafar Hussain Ibupoto, Mushtaque Hussain, Omer Nur and Magnus Willander   ",The fabrication of white light-emitting diodes using the n-ZnO/NiO/p-GaN heterojunction with enhanced luminescence,Nanoscale Research Letters,Nanoscale Research Letters,2.481,http://www.springer.com/materials/nanotechnology/journal/11671,2013,8(320),,
65," Hussain, A.I., Anwar, F., Chatha, S.A.S., Latif, S., Sherazi, S.T.H., Ahmad, A., Worthington, J., Sarker, S.D","Chemical composition and bioactivity studies of the essential oils from two Thymus species from the Pakistani flora, ",Lebensmittel-Wissenschaft Und-Technologie-Food Science And Technology,LWT - Food Sci Technol ,2.468,http://www.elsevier.com/wps/find/journaldescription.cws_home/622910/description,2013,"50,", 185-192,
66,"Zaheer A. Chandio, Farah N. Talpur, Humaira Khan, H.I. Afridi, Ghulam Quadir Khaskheli","Determination of cadmium and zinc in vegetables with online FAAS after simultaneous pre-concentration with 1,5-diphenylthiocarbazone immobilised on naphthalene.",Food Additives & Contaminants Part A, Food Addi & Contam: Part A,2.341,http://www.tandf.co.uk/journals/titles/0265203X.asp,2013,30(1),110-113,
67,"amran Abro, S. A. Mahesar, Seema Iqbal, Shahnaz Perveen.",K Quantification of malachite green in fish feed samples utilizing liquid chromatography tandem mass spectrometry with monolithic column. ,"Food additives & contaminants. Part A, Chemistry, analysis, control, exposure & risk assessment","Food Addit Contam Part A, ",2.341,http://www.tandf.co.uk/journals/titles/0265203X.asp,"2014,  ","31 (5),",827-32.,
68,"Zaheer A. Chandio, Farah N. Talpur, Humaira Khan, H.I. Afridi, Ghulam Quadir Khaskheli.  ","Determination of cadmium and zinc in vegetables with online FAAS after simultaneous pre-concentration with 1,5-diphenylthiocarbazone immobilised on naphthalene",Food Additives & Contaminants: Part A,Food Additives & Contaminants: Part A,2.341,http://www.tandf.co.uk/journals/titles/0265203X.asp,2013,30(1),110-113,
69,"Azam Khan, Mushtaque Hussain, Mazhar Ali Abbasi, Zafar Hussain Ibupoto, Omer Nur and Magnus Willander    ",Study of transport properties of copper/zinc-oxide-nanorods-based Schottky diode fabricated on textile fabric,Semiconductor Science And Technology,Semiconductor Science and Technology,2.206,http://www.iop.org/Journals/0268-1242,2013,28(12),125006,
70,"A. R. Khaskheli, Sirajuddin,   S.T.H. Sherazi, S.A. Mahesar, Aftab A. Kandhro, Nazar Kalwar, M. Ali Mallah",Estimation of ibuprofen in urine and tablet formulations by Transmission Fourier Transform Infrared Spectroscopy by partial least square,Spectrochimica Acta Part A-Molecular And Biomolecular Spectroscopy,Spectrochim Acta A ,2.129,http://www.elsevier.com/wps/find/journaldescription.cws_home/525436/description#description,2013,102,403 – 407,
71,"A. A. Kandhro, A. H. Laghari, S. A. Mahesar, R. Saleem, A. Nelofar, S. T. Khan, S. T. H. Sherazi.",Application of Attenuated Total Reflectance Fourier Transform Infrared Spectroscopy for Determination of Cefixime in Oral Pharmaceutical Formulations.,Spectrochimica Acta Part A-Molecular And Biomolecular Spectroscopy,Spectrochim Acta part A ,2.129,http://www.elsevier.com/wps/find/journaldescription.cws_home/525436/description#description,"2013,",115,51-56.,
72," S.Khan, M. Soylak, T.G. Kazi",Rapid ionic liquid-based ultrasound assisted dual magnetic microextraction to preconcentrate and separate cadmium -4-(2-thiazolylazo)-resorcinol complex from environmental and biological samples.,Spectrochimica Acta Part A-Molecular And Biomolecular Spectroscopy,Spectrochimica Acta Part A,2.129,http://www.elsevier.com/wps/find/journaldescription.cws_home/525436/description#description, (2014)  .,"123, ",194–199,
73,"A. A. Kandhro, A. H. Laghari, S. A. Mahesar, R. Saleem, A. Nelofar, S. T. Khan, S. T. H. Sherazi.  ",Application of attenuated total reflectance Fourier transform infrared spectroscopy for Determination of Cefixime in Oral Pharmaceutical Formulations. ,Spectrochimica Acta Part A-Molecular And Biomolecular Spectroscopy,"Spectrochimica Acta part A,",2.129,http://www.elsevier.com/wps/find/journaldescription.cws_home/525436/description#description,2013,115,",, 51-56.î",
74,"Salma Aslam Arain, Tasneem G Kazi, Hassan Imran Afridi, Abdul Rasool Abbasi, Abdul Haleem Panhwar, Naeemullah, Bhawani Shanker, Mohammad Bilal Arain, ",Application of dual-cloud point extraction for the trace levels of copper in serum of different viral hepatitis patients by flame atomic absorption spectrometry: A multivariate study,Spectrochimica Acta Part A-Molecular And Biomolecular Spectroscopy,Spectrochimica Acta Part A: (Accepted) 2014.,2.129,http://www.elsevier.com/wps/find/journaldescription.cws_home/525436/description#description,2014,,,
75,"Abdul Rauf Khaskheli, Siraj uddin, S.T.H. Sherazi, S.A. Mahesar, Aftab A. Kandhro, Nazar Kalwar, M. Ali,  ","Estimation of Ibuprofen in Urine and Tablet Formulations by Transmission Fourier Transform Infrared Spectroscopy by Partial Least Squares,",Spectrochimica Acta Part A-Molecular And Biomolecular Spectroscopy,"Spectrochimica Acta Part A: Molecular and Biomolecular Spectroscopy,",2.129,http://www.elsevier.com/wps/find/journaldescription.cws_home/525436/description#description,2013,102,", 403-407",
76,"Aftab A. Kandhro, Abdul Hafeez Laghari, Sarfaraz A. Mahesar, Rubina Saleem, Aisha Nelofar, Salman Tariq Khan, S.T.H. Sherazi, Y.  ","Application of Attenuated Total Reflectance Fourier Transform Infrared Spectroscopy for Determination of Cefixime in Oral Pharmaceutical Formulations,  ",Spectrochimica Acta Part A-Molecular And Biomolecular Spectroscopy,"Spectrochimica Acta Part A: Molecular and Biomolecular Spectroscopy,",2.129,http://www.elsevier.com/wps/find/journaldescription.cws_home/525436/description#description,2013," 115,"," 51-56,",
77,"Muhammad Taha 1, 3, *, Nor Hadiani Ismail 1, 3 , El Hassane Anouar 1 , Sammer Yousuf 4 , Waqas Jamil 5 , Khalijah ","Synthesis, crystal structure, DFT studies and evaluation of the antioxidant activity of 3, 4-dimethoxybenzenamine Schiff bases",Molecules,"Molecules, 2014 - mdpi.com ",2.095,http://www.mdpi.com/journal/molecules,2014,,,
78,"Shahabuddin Memon, Asif Bhatti, Najma Memon",New Calix[4]arene Appended Amberlite XAD-4 Resin with Versatile Perchlorate Removal Efficiency,Journal Of Chemical And Engineering Data,J Chem Eng Data,2.045,http://pubs.acs.org/journal/jceaax,2013,58(2013),2819-2827,
79,"Shahabuddin Memon, Asif Bhatti, Najma Memon",New Calix[4]arene Appended Amberlite XAD-4 Resin with Versatile Perchlorate Removal Efficiency,Journal Of Chemical And Engineering Data,Journal of Chemical & Engineering Data,2.045,ttp://pubs.acs.org/journal/jceaax,2013,58,2819-2827,
80,,synthesis of Tin(II)-rutin Complex: Exploration of Tin Packaging Hazards,Inorganica Chimica Acta, Journal Inorganica Chimica Acta.  (2013) 252-260 ,2.041,http://www.elsevier.com/wps/find/journaldescription.cws_home/504086/description,2013,"Volume, year,"," Pages: 407,",
81,"Panhwar, Q.K. and Memon, S.",Synthesis of Tin(II)-rutin Complex: Exploration of Tin Packing Hazards,Inorganica Chimica Acta,Inorg Chim Acta doi: 10.1016/j.ica.2013.08.001 ,2.041,http://www.elsevier.com/wps/find/journaldescription.cws_home/504086/description,accepted,,,
82,"S.T.H. Sherazi, S. Arain, S.A. Mahesar, M.I. Bhanger, A.R. Khaskheli",Erucic acid evaluation in rapeseed and canola oil by Fourier transform-infrared spectroscopy.,European Journal of Lipid Science and Technology,European Journal of Lipid Science and Technology,2.033,http://onlinelibrary.wiley.com/journal/10.1002/(ISSN)1438-9312,2013,115(5),535-540,
83,"Syed Tufail Hussain Sherazi*, Sarfraz Arain, Sarfaraz Ahmed Mahesar, Muhammad Iqbal Bhanger, Abdul Rauf Khaskheli,  ",Trierucin evaluation in rapeseed and canola oil by Fourier transform-infrared spectroscopy,European Journal of Lipid Science and Technology,European Journal of Lipid Science and Technology,2.033,http://onlinelibrary.wiley.com/journal/10.1002/(ISSN)1438-9312,2013,115,535-540,
84,"S.T.H. Sherazi, S. Arain, S.A. Mahesar, M.I. Bhanger, A.R. Khaskheli,  ",Erucic acid evaluation in rapeseed and canola oil by Fourier transform-infrared spectroscopy.,European Journal of Lipid Science and Technology,"European Journal of Lipid Science and Technology,",2.033,http://onlinelibrary.wiley.com/journal/10.1002/(ISSN)1438-9312,2013,115,535-540,
85,"Zaheer A. Chandio,   Farah N. Talpur,  H. I. Afridi, Humaira Khan,  Ghulam Quadir Khaskheli and   Mazhar Iqbal Khaskheli",Online preconcentration of nickel(II) in textile effluent and soil samples by SDS coated alumina modified with dithizone mini-column coupled with FAAS,Analytical Methods,Anal Meth,1.938,http://pubs.rsc.org/en/journals/journalissues/ay,2013,5,4425-4429,
86," S. A. Mahesar, S. T. H. Sherazi, A. R. Khaskheli, A. A. Kandhro, Sirajuddin. ",Analytical approach for free fatty acids assessment in oils and fats.,Analytical Methods,Anal Meth Available online. ,1.938,http://pubs.rsc.org/en/journals/journalissues/ay,-2014,,,
87,"ZA Chandio, FN Talpur, HI Afridi, H Khan, GQ Khaskheli, MI Khaskheli",Online preconcentration of nickel (II) in textile effluent and soil samples by SDS coated alumina modified with dithizone mini-column coupled with FAAS  ,Analytical Methods,Analytical Methods ,1.938,http://pubs.rsc.org/en/journals/journalissues/ay,2013,5(17),4425-4429,
88,"ana Jawaid, Farah Naz Talpur, Hassan Imran Afridi, Shafi Ahmed Nizamani, Abid Ali Khaskheli and   Saba Naz.",S Quick determination of melamine in infant powder and liquid milk by Fourier Transform Infrared spectroscopy.,Analytical Methods,Analytical Methods. DOI: 10.1039/C4AY00558A,1.938,http://pubs.rsc.org/en/journals/journalissues/ay,(Accepted) 2014. ,,,
89,"Devanand L. Luthria, Ayaz Ali Memon, Keshun Liu.",Changes in the Individual and Total Phenolic Acid Content during Commercial Dry-grind Processing of Corn to Ethanol and DDGS.,Journal Of The Science Of Food And Agriculture,"J Sci Food Agric 77)   ,   2013, 87:2511-2518.",1.879,http://onlinelibrary.wiley.com/journal/,2013,77,87,
90,"Zafar Hussain Ibupoto, Kimleang Khun, Martin Eriksson, Mohammad AlSalhi, Muhammad Atif, Anees Ansari and Magnus Willander    ",Hydrothermal Growth of Vertically Aligned ZnO Nanorods Using a Biocomposite Seed Layer of ZnO Nanoparticles,Materials,Materials,1.879,http://www.mdpi.com/journal/materials,2013,6(8),3584-3597,
91,"TG Kazi, F Shah, HI Afridi, MA Mughal, SS Arain, MB Arain",Evaluation of lead levels in biological samples of mentally retarded children in different stages using advanced extraction method. ,Environmental Toxicology and Pharmacology,Environmental toxicology and pharmacology,1.862,http://www.elsevier.com/wps/find/journaldescription.cws_home/523024/description#description,2013,36(3),858-864,
92,"Sumaira Khan, T. G. Kazi, M. B. Arain, N. F. Kolachi, J. A. Baig, H. I. Afridi, A. Q. Shah",Evaluation of bioavailability and partitioning of Aluminum in sediment samples of different eco-systems by modified sequential extraction methods,"Clean Air, Soil and Water","Clean air, soil and water",1.838,http://onlinelibrary.wiley.com/journal/10.1002/%28ISSN%291863-0669,2013,41(8),808-815,
93,"S.Khan, M. Soylak, T.G. Kazi, ",Vortex assisted liquid-liquid microextraction using Triton X-114 as dispersant for ultratrace cadmium prior to its micro-sample injection flame atomic absorption spectrometric detection.,"Clean Air, Soil and Water","Clean air, soil and water  doi:10.1002/clen.201300486",1.838,http://onlinelibrary.wiley.com/journal/10.1002/%28ISSN%291863-0669,2014,,,
94,"Qureshi, I.; Memon, S. and Yilmaz, M. ",Novel Calix[4]arene-based Amberlite XAD-4 Modified Resin for As(III) Removal from Water,"Clean Air, Soil and Water","CLEAN-Soil, Air, Water",1.838,http://onlinelibrary.wiley.com/journal/10.1002/%28ISSN%291863-0669,2013,41(3),258-266,
95,"S. Khan, T. G. Kazi, M. B. Arain, N. F. Kolachi, J. A. Baig, H. I.  Afridi, A. Q. Shah,  ","Evaluation of bioavailability and partitioning of Aluminum in sediment samples of different ecosystems by modified sequential extraction methods,","Clean Air, Soil and Water","CLEAN–Soil, Air, Water   http://dx.doi.org/10.1002/clen.201000197 ",1.838,http://onlinelibrary.wiley.com/journal/10.1002/%28ISSN%291863-0669,2013,92,,
96," Tasneem Gul Kazi, Faheem Shah, Hassan Imran Afridi and Naeemullah,", Occupational and environmental lead exposure to adolescent workers in battery recycling workshops.,Toxicology and Industrial Health,  Toxicology and Industrial Health,1.71,http://tih.sagepub.com/,2014,,,
97,"T.G. Kazi, F. Shah, H. I.Afridi and Naeemullah,  ",Occupational and environmental lead exposure to adolescent workers in battery recycling workshops,Toxicology and Industrial Health,Toxicology and Industrial Health doi: 10.1177/0748233713485883,1.71,http://tih.sagepub.com/,2013,178,,
98,"Zafar Hussain Ibupoto, K Khun, Jun Lu, Xianjie Liu, M S. AlSalhi, M Atif, Anees A: Ansari and Magnus Willander   ",Well aligned ZnO nanorods growth on the gold coated glass substrate by aqueous chemical growth method using seed layer of Fe3O4 and Co3O4 nanoparticles ,Journal of Crystal Growth, Journal of Crystal Growth,1.693,http://www.elsevier.com/wps/find/journaldescription.cws_home/505670/description#description,2013,368,39-46,
99,"Kazi, T.G., Arain, S.S., Afridi, H.I., Naeemullah, Brahman, K.D., Kolachi, N.F., Mughal, M.A.","Analysis of cadmium, nickel, and lead in commercial moist and dry snuff used in Pakistan.",Environmental Monitoring And Assessment,Environ Monit Assess ,1.679,http://www.springer.com/environment/monitoring+-+environmental+analysis/journal/10661,2013,185:00:00,5199-5208,
100,"TG Kazi, SS Arain, HI Afridi, KD Brahman, NF Kolachi, MA Mughal. ","Analysis of cadmium, nickel, and lead in commercial moist and dry snuff used in Pakistan",Environmental Monitoring and Assessment,Environmental monitoring and assessment ,1.679,http://www.springer.com/environment/monitoring+-+environmental+analysis/journal/10661,2013,185(6),5199-5208,
101,"Kazi, T.G., Arain, S.S., Afridi, H.I., Naeemullah, Brahman, K.D., Kolachi, N.F., Mughal, M.A. ","Analysis of cadmium, nickel, and lead in commercial moist and dry snuff used in Pakistan",Environmental Monitoring and Assessment,Environmental Monitoring and Assessment  doi: 10.1007/s10661-012-2936-,1.679,http://www.springer.com/environment/monitoring+-+environmental+analysis/journal/10661,2013,185,5199-5208,
102," Qazi M.A., Ocak Ü., Ocak M., Solangi, I.B. and Memon S.",“Bifunctional calix[4]arene sensor for Pb(II) and Cr2O72- ions”,Journal Of Fluorescence,J. Fluorescence ,1.667,http://www.springer.com/biomed/journal/10895,2013,23 (3) ,575-590,
103,"MA Qazi, Ü Ocak, M Ocak, S Memon, IB Solangi,  ",Bifunctional Calix [4] arene Sensor for Pb (II) and Cr2O7 -2 Ions,Journal Of Fluorescence,Journal of fluorescence,1.667,http://www.springer.com/biomed/journal/10895,2013,23(3),575-590,
104,"Kalsoom Shaikh, G. S. Gachal, Saima Q. Memon, N. A. Sodho, M. S Yusuf, A. H. Qadri",Impact of Non-optimal Environmental Conditions on Survival of Amphibians in Pakistan,International Journal of Advanced Research,Inter. J. Adv. Res ,1.659,http://journalijar.com/,2013,1(6),140-146,
105," Kalsoom Shaikh, Saima Q. Memon, G. S. Gachal, Asma S., M.S. Yusuf and A. H.Qadri, A","Comparative Study of Morphology and Ecology ofBufo stomaticus (Lutken, 1864), (Anura: Bufonidae) from District Larkana and Shikarpur, Pakistan ",International Journal of Advanced Research,Inter. J. Adv. Res  ,1.659,http://journalijar.com/,-2013, 1(6), 493-497 8. ,
106,"Moina Akht a r Mughal 1 , Akht a r Hussain Mughal 2 ,  Zeenat M. Ali 3 ,  Ghulam Zuhra Memon 1 , Mohammad Yar Khuhawar 4 , Hussain Saleem 5 1 Dr. Mumtaz Ali Kazi ","Antimicrobial Viscometric Studies of Thermally Stable Metal  based Schiff Base Polymer derived from 4, 4 - Methylene Bis  Furfuraldehyde",IOSR Journal of Engineering,"IOSR Journal of  Engineering (IOSRJEN) e - ISSN: 2250 - 3021,",1.645,http://www.iosrjen.org/,2013,"vol 3, issue 10",48-55,
107,"AH Mughal, ZM Ali, GZ Memon, MY Khuhawar","Synthesis, Characterization and Antibacterial and Antifungal Studies of Schiff base Polymers derived from Methylene bis Cinnamaldehyde",IOSR Journal of Engineering,iosrjen.org,1.645,http://www.iosrjen.org/,2013,,,
108,"ZM Ali, AJ Laghari, AK Ansari, MY Khuhawar",Extraction and Characterization of Chitosan from Indian Prawn (Fenneropenaeus Indicus) and its Applications on Waste Water Treatment of Local Ghee … ,IOSR Journal of Engineering,iosrjen.org ,1.645,http://www.iosrjen.org/,2013,,,
109,"Bhatti A. A., Kamboh M. A., Solangi I.B. and Memon S. ",Synthesis of Calix[6]arene based XAD-4 Material for the Removal of RB-19 from Aqueous Environment,Journal Of Applied Polymer Science,J. Appl. Polym. Sci ,1.64,http://onlinelibrary.wiley.com/journal/10.1002/(ISSN)1097-4628,2013,130(2),776-785,
110,"AA Bhatti, MA Kamboh, IB Solangi, S Memon,  ",Synthesis of calix [6] arene based XAD?4 material for the removal of reactive blue 19 from aqueous environments,Journal of Applied Polymer Science , Journal of Applied Polymer Science ,1.64,http://onlinelibrary.wiley.com/journal/10.1002/(ISSN)1097-4628,2013,",130 (2),", 776-785.    ,
111," F.Shah, F., Kazi, T.G., Ullah, N., Afridi, H.I. ",Determination of Lead in Biological Samples of Children with Different Physiological Consequences Using Cloud Point Extraction Method. ,Biological Trace Element Research ,Biological Trace Element Res ,1.608,http://www.springer.com/life+sciences/biochemistry+%26+biophysics/journal/12011,  (2013) ,153 (1-3),134 - 140 . ,
112," N.F. Kolachi, T.G. Kazi, H.I. Afridi, N. G. Kazi, M. A. Mughal, S. K."," Effects of selenium and zinc status in biological samples of hepatitis C patient after Herbal and pharmaceutical supplements"" ",Biological Trace Element Research ,Biological Trace Element Res ,1.608,http://www.springer.com/life+sciences/biochemistry+%26+biophysics/journal/12011,2013,152 (2) ,187-194.,
113,"N.F. Kolachi, T.G. Kazi, H.I. Afridi, N. G. Kazi, M. A. Mughal,  S. K.   ",Effects of selenium and zinc status in biological samples of hepatitis C patient after Herbal and pharmaceutical supplements,Biological Trace Element Research ,Biological Trace Element Research,1.608,http://www.springer.com/life+sciences/biochemistry+%26+biophysics/journal/12011,2013,152(2),187-194,
114,"S.Khan, M. Soylak, T.G. Kazi ",Room temperature ionic liquid-based dispersive liquid phase microextraction for the separation/preconcentration of trace Cd2+ as 1-(2-pyridylazo)-2-naphthol (PAN) complex from environmental and biological samples and determined by FAAS.,Biological Trace Element Research ,Biological Trace Element Research ,1.608,http://www.springer.com/life+sciences/biochemistry+%26+biophysics/journal/12011,2013,156,49-55,
115,"S.A. Arain, H.I. Afridi, T.G. Kazi, F.N. Talpur, S.S. Arain,",Investigation of alteration in the levels of iron and Copper in scalp hair samples of patients have different types of viral hepatitis,Biological Trace Element Research ,Biological Trace Element Research Journal.,1.608,http://www.springer.com/life+sciences/biochemistry+%26+biophysics/journal/12011,2013,vol 156 issue 1-3,5-11,
116,"Abdul Haleem Panwar, T.G. KAZI, H.I. AFRIDI, Hafeezur Rehman, S.A. Arain, Sadaf Sadia Arain, K.D. Brahman",Evaluation of calcium and magnesium in scalp hair samples of population consumed different drinking Water: Risk of kidney stone,Biological Trace Element Research ,Biological Trace Element Research Jurnal (Accepted)2013,1.608,http://www.springer.com/life+sciences/biochemistry+%26+biophysics/journal/12011,2013,;156(1-3):,67-73.,
117,"K. Khun, Zafar Hussain Ibupoto and Magnus Willander   ",Development of fast and sensitive ultraviolet photodetector using p-type NiO/n-type TiO2 heterostructures,Physica Status Solidi A-Applications And Materials Science,Physica Status Solidi (a) applications and materials science,1.525,http://onlinelibrary.wiley.com/journal/10.1002/(ISSN)1862-6319,2013,210(12),2720-2724,
118,"Minhas F.T., Memon S. Qureshi, I.; Mujahid M. and Bhanger M.I. ",Facilitated kinetic transport of Cu(II) through a supported liquid membrane with calix[4]arene as carrrier,Comptes Rendus Chimie,Comptes Rendus Chimie,1.483,http://www.journals.elsevier.com/comptes-rendus-chimie,2013,16(8),742-751,
119,"Bhatti, A.A.; Qureshi, I.; Memon N. and Memon S. ",Evaluation of perchlorate sorption behavior of calix[4]arene appended resin,Journal Of Inclusion Phenomena And Macrocyclic Chemistry,J. Incl. Phenom. Macro. Chem ,1.426,http://www.springerlink.com/openurl.asp?genre=journal&issn=1388-3127,2013,76(1),55-60,
120,"F. Shah, M. Soylak, T.G. Kazi, H.I. Afridi, ","Development of an extractive spectrophotometric method for U(VI) using MWCNTs as solid phase and arsenazo(III) as chromophore"",",Journal of Radioanalytical and Nuclear Chemistry, Journal of Radioanalytical and Nuclear Chemistry. (2013)  doi: 10.1007/s10967-012-2376-8,1.415,http://www.springer.com/chemistry/journal/10967,2013,,,
121," F. Shah, M. Soylak, T.G. Kazi, H.I. Afridi",evelopment of an extractive spectrophotometric method for U(VI) using MWCNTs as solid phase and arsenazo (III) as chromophore. ,Journal Of Radioanalytical And Nuclear Chemistry,DJ Radioanal Nuclear Chem ,1.415,http://www.springer.com/chemistry/journal/10967,-2013,296 (3),1239-1245.,
122, Memon S.; Memon N. and Memon S,An efficient p-tetranitrocalix[4]arene based adsorbent for the removal of carbofuran from aqueous media,Journal of the Iranian Chemical Society, J. Iran. Chem. Soc  Accepted 10.1007/s13738-014-0432-8.,1.406,http://www.springer.com/chemistry/analytical+chemistry/journal/13738,2014,,,
123,"SA Majidano, MY Khuhawar",Gas Chromatographic Analysis of Guanidino Compounds in Sera and Urine of Uremic Patients Using Glyoxal and Ethyl Chloroformate as Derivatizing,Analytical Sciences,Analytical Sciences jsac.or.jp,1.403,http://www.jsac.or.jp/cgi-bin/analsci/page/about.html,2013,,,
124,"Naeem-Ullah, T. G. Kazi,   Shah, F.,  H. I. Afridi , J.A. Baig, A.S.Soomro,",Cloud point extraction and flame atomic absorption spectrometric determination of cadmium and nickel in drinking and waste water samples,JAOAC International, AOAC Internationl,1.385,http://www.aoac.org/,2013,96(2),447-452,
125,"T.G. Kazi , S.S. Arain, H.I. Afridi, Naeemullah, K.D. Brahman, N.F.Kolachi, ",Arsenic content in smokeless tobacco products consumed by population of Pakistan: Related health risk.,JAOAC International, JAOAC International ,1.385,http://www.aoac.org/,2013,118,,
126,"S. Khan, T. G. Kazi, H. I. Afridi, N. F. Kolachi, NaeemUllah, S. Arain, K. Dev, ",Sequential extraction of vanadium in different soil samples using conventional and ultrasonic devices,JAOAC International,JAOAC International,1.385,http://www.aoac.org/,2013,vol 96 issue 3,650-656,
127," A.A. Kandhero, M.Soylak, T G Kazi, ",Enrichment of copper as 1-(2-Pyridylazo)-2-naphthol complex by the combination of dispersive Liquid-Liquid Microextraction/Flame Atomic Absorption Spectrometry,JAOAC International,JAOAC INTERNATIONAL ,1.385,http://www.aoac.org/,"2014,  .","97(1),",205-210,
128," S. Khan, T. G. Kazi, N. F. Kolachi, H. I. Afridi, NaeemUllah","Determination of vanadium species in coal mining, industrial and agricultural soil samples using different extractants and heating system",JAOAC International,JAOAC International ,1.385,http://www.aoac.org/,-2013,96,186-189.,
129,"N. F. Kolachi, T.G. Kazi, H.I. Afridi, N. Kazi,S. Khan, S.K. wadhwa, ",Determination of total selenium in pharmaceutical and herbal supplements by two techniques,JAOAC International,JAOAC International ,1.385,http://www.aoac.org/,2013,,,
130,"J.Baig, T.G. Kazi, L. Elci,",Determination of total chromium at ultra-trace level by co-precipitation microsample injection system flame atomic absorption spectrophotometry.,JAOAC International,Journal of AOAC INTERNATIONAL,1.385,http://www.aoac.org/,2013,,187,
131,"N .F. Kolachi, T.G. Kazi, H.I. Afridi, N. G. Kazi , M. A. Mughal, S. Khan  ",Determination of total selenium in pharmaceutical and herbal supplements by two techniques,JAOAC International,Journal of AOAC INTERNATIONAL,1.385,http://www.aoac.org/,2013,,,
132," J. A. Baig, L. Elci, M. I. Khan, T. G. Kazi, ", Determination of total chromium at ultra-trace levels in water and soil samples by co-precipitation micro-sample injection system flame atomic absorption spectrometry. ,JAOAC International,Journal of AOAC International ,1.385,http://www.aoac.org/,(2014) .,97(5),", 1-5",
133,"T. G. Kazi, F. Shah, H. I. Afridi, J. A. Baig, A. S. Soomro,  ","Cloud Point Extraction and Flame Atomic Absorption Spectrometric Determination of Cadmium and Nickel in Drinking and Wastewater Samples, ",JAOAC International,Journal of AOAC International (2013) ,1.385,http://www.aoac.org/,2013,96(2),447-452,
134,"S. Khan, T. G. Kazi, N. F. Kolachi, H. I. Afridi, NaeemUllah,  ","Determination of vanadium species in coal mining, industrial and agricultural soil samples using different extractants and heating system",JAOAC International,Journal of AOAC International.  http://dx.doi.org/10.5740/jaoacint.11-499,1.385,http://www.aoac.org/,2013,96(1),186-189,
135,"A.A. Kandhero, M.Soylak, T.G. Kazi,  ",Enrichment of copper as 1-(2-Pyridylazo)-2-naphthol complex by the combination of dispersive Liquid-Liquid Microextraction/Flame Atomic Absorption Spectrometry,JAOAC International,journal of AOAC INTERNATIONAL.îîîView    179,1.385,http://www.aoac.org/,2013,,,
136,"S.S. Arain, T.G. Kazi, H.I. Afridi, K.D. Brehman,  ","Arsenic content in smokeless tobacco products consumed by population of Pakistan: Related health risk,  ",JAOAC International,Journal of International AOAC,1.385,http://www.aoac.org/,2013,181,,
137,"M.Kai, T. Miyazaki, M.Yamaguchi, Y. Ohkura, J. ",The blood and urine samples from healthy volunteers (employee and students of Institute of Advance Research Studies in Chemical Sciences University of Sindh Jamshoro Pakistan) were collected,Chromatographia,Chromatogr davidpublishing.com   ,1.37,http://www.springerlink.com/content/110810/,2013,,,
138,"Durmaz, F.; Memon, F.; Memon, N. A.; Memon, S.; Memon, S. and Kara, H. ",Preconcentration and Determination of Toxic Metals by A New Calix[4]arene Bonded High Performance Liquid Chromatographic Column,Chromatographia,Chromatographia,1.37,http://www.springerlink.com/content/110810/,2013,vol 76(15),909-919,
139,"Z.H. Shar, G. A. Sumbal, S. T. H. Sherazi*, M. I. Bhanger, S. M. Nizamani, ",Determination of Deoxynivalenol in Poultry Feed by three Gas Chromatographic Detection Techniques,Chromatographia,Chromatographia,1.37,http://www.springerlink.com/content/110810/,2013,67),,
140,RA Zounr (&) Á MY Khuhawar Á TM Jahangir,Gas Chromatographic Determination of Guanidino Compounds Using Hexafluoroacetylacetone and Ethyl Chloroformate as Derivatizing Reagents,Chromatographia,"Chromatographia, 2013 – Springer ...  ",1.37,http://www.springerlink.com/content/110810/,2013,,,
141,"Z.H. Shar, G. A. Sumbal, S. T. H. Sherazi*, M. I. Bhanger, S. M. Nizamani,  ",Determination of Deoxynivalenol in Poultry Feed by three Gas Chromatographic Detection Techniques,Chromatographia,"Chromatographia, Accepted for publication, 2013",1.37,http://www.springerlink.com/content/110810/,2013,79,,
142,"Georgia-Paraskevi Nikoleli, Zafar Hussain Ibupoto, Dimitrios P. Nikolelis, Vlassis Likodimos, Nikolas Psaroudakis, Nikolaos Tzamtzis, Magnus Willander and Tibor Hianik ",Potentiometric cholesterol biosensing application of graphene electrode with stabilized polymeric lipid membrane ,Central European Journal of Chemistry,Central European Journal of Chemistry,1.329,http://www.versita.com/cejc/,2013,11(9),1554-1561,
143,"Ali N. Siyal, Latif Elçi, Saima Q. Memon, Abdullah Akdogan, Aysen Hol, Aslihan  Arslan Kartal and Muhammad Yar Khuhawar",Synthesis and characterization of novel chelating resin for selective preconcentration and trace determination of Pb(II) ions in aqueous samples by innovative microsample injection system coupled flame atomic spectrometry  ,International Journal of Environmental and Analytical Chemistry,International Journal Environmental Analytical Chemistry,1.321,http://www.tandf.co.uk/journals/titles/03067319.html,"(2014), ",94 (8) ,743-755 1. ,
144,"  Samejo, M.Q.; Memon, S.; Bhanger, M.I. and Khan, K.M.",Chemical composition of essential oils from Calligonum polygonoides,Natural Product Research, Linn.” Nat. Prod. Res ,1.225,http://www.tandfonline.com/toc/gnpl20/current,2013,27 (7),"619-623,",
145,"Samejo, M. Q., Memon, S., Bhanger, M. I. and Khan, K. M.",Chemical composition of essential oils from Calligonum polygonoides Linn,Natural Product Research,Natural Product Research,1.225,http://www.tandfonline.com/toc/gnpl20/current,2013,27(7),619-623,
146,"FA Bughio, SM Mangrio, SA Abro, TM Jahangir, H Bux ",Physio-morphological responses of native Acacia nilotica to eucalyptus allelopathy,Pakistan Journal Of Botany,http://www.pakbs.org/pjbot/PDFs/45(S1)/14.pdf     ,1.207,http://www.pakbs.org/pjbot/pjhtmls/PJB.html,2013,,,
147," S.Habib A. Naqvi, M. Uma Dahot, M. Yakoub Khan. J.H.Xu and M.Rafiq", Usage  of sugar cane bagasse as an energy  source  for the production  of lipase  by Aspergillus  fumigates.,Pakistan Journal Of Botany,Pak. J. Bot.,1.207,http://www.pakbs.org/pjbot/pjhtmls/PJB.html,2013, 45(1),"279-284,",W
148,"Asif Ali Bhatti, Shahabuddin Memon and Najma Memon, ",Dichromate Extraction by Calix[4]arene Appended Amberlite XAD-4 Resin,Separation Science And Technology,Separation Science and Technology ,1.2,http://http://www.tandfonline.com/action/aboutThisJournal?show=abstractingIndexing&journalCode=lsst20,2013,,,
149,"Saima Q. Memon, Najma Memon, Arfana Mallah, Rubina Soomro, and M.Y. Khuhawar,",chiff bases as chelating reagents for metal ions analysis”,Current Analytical Chemistry," Current Analytical Chemistry, ",1.194,http://www.benthamscience.com/cac/index.htm,"2014,"," 10 (3), ",393-417.,
150,Najma Memon and Paraskevas D. Tzanavaras “ ,Utilization of Organized Surfactant Assemblies as Solvents in Flow Injection Analysis with emphasis to automated derivatization,Current Analytical Chemistry,Current Analytical Chemistry,1.194,http://www.benthamscience.com/cac/index.htm,2013,,,
151,"Saima Q. Memon, Najma Memon, Arfana Mallah, Rubina Soomro, and M.Y. Khuhawar, “",Schiff bases as chelating reagents for metal ions analysis,Current Analytical Chemistry,Current Analytical Chemistry,1.194,http://www.benthamscience.com/cac/index.htm,2013,,,
152,Najma Memon and Paraskevas D. Tzanavaras,Utilization of Organized Surfactant Assemblies as Solvents in Flow Injection Analysis with emphasis to automated derivatization,Current Analytical Chemistry,"Current Analytical Chemistry, ",1.194,http://www.benthamscience.com/cac/index.htm,"2014, ","10 (3), ",338-348.,
153," Panhwar, Q.K. and Memon, S.","Synthesis, characterization and antioxidant activity of Cr(III)-rutin complex",Chemical Papers-Chemicke Zvesti,Chem Papers (Accepted).,1.193,http://www.springer.com/chemistry/journal/11696,accepted,,,
154," Panhwar, Q.K. and Memon, S. "," Synthesis, characterization and antioxidant activity of Cr(III)-rutin complex.",Chemical Papers-Chemicke Zvesti,Chem. Papers ,1.193,http://www.springer.com/chemistry/journal/11696,2014 Accepted,,,
155,"S. K. Wadhwa, T. G. Kazi , H. I. Afridi,  M. Tuzen and  D. Citak,  ","Arsenic in water, food and cigarette: A cancer risk to Pakistani population",Journal Of Environmental Science And Health Part A-Toxic/Hazardous Substanc,"J. Environ. Sci. Health, Part A",1.135,http://www.tandfonline.com/loi/lesa20,2013,48,1776-1782,
156,"S. K. Wadhwa, T. G. Kazi , H. I. Afridi,  M. Tuzen and  D. Citak,   ","Arsenic in water, food and cigarette: A cancer risk to Pakistani population ",Journal Of Environmental Science And Health Part A-Toxic/Hazardous Substanc,"J. Environ. Sci. Health, Part A ",1.135,http://www.tandfonline.com/loi/lesa20,2013,176,,
157,"Afridi, H.I., Kazi, T.G., Kazi, N., Naeemullah, Arain, S.S., Brahman, K.D., Wadhwa, S.K.,  ","Evaluation of chromium, cobalt and manganese in biological samples (scalp hair, blood, and urine) of Pakistani viral hepatitis (A-E) patients and controls.",Clinical Laboratory, Clinical Laboratory,1.084,https://www.clin-lab-publications.com/,2013,"59 ( 3-4 ) ,",247 – 256.,
158,"Hassan Imran Afridi, Tasneem Gul Kazi, Farah Naz Talpur, Sumsun Naher, ","Dermot Brabazon, Relationship between toxic metals exposure via cigarette smoking and rheumatoid arthritis.",Clinical Laboratory," Clinical Laboratory Journal. 9+10, ",1.084,https://www.clin-lab-publications.com/,2014,,,
159,"Hassan Imran Afridi, Tasneem Gul Kazi, Farah Naz Talpur, Salma Arain, Sadaf Sadia Arain, Naveed Kazi, Abdul Haleem Panhwar","Distribution of Arsenic, Cadmium, Lead and Nickel levels in Biological Samples of Pakistani hypertensive Patients and control subjects",Clinical Laboratory," Clinical laboratory,11+12,",1.084,https://www.clin-lab-publications.com/,2014,,,
160,"Hassan Imran Afridi, Tasneem Gul Kazi, Naveed Kazi, Farah Naz Talpur, Faheem Shah, Naeemullah, Sadaf Sadia Arain, Kapil Dev Brahman","Evaluation of Status of Arsenic, Cadmium, Lead and Zinc Levels in Biological Samples of Normal and Arthritis Patients of Age Groups (46 - 60) and (61 - 75) Years, ",Clinical Laboratory,Clin. Lab,1.084,https://www.clin-lab-publications.com/,2013,59(1-2),143-153,
161," H. I. Afridi, T.G. Kazi, N. Kazi, Naeemullah, S. S. Arain, K. D. Brahman, F.N. Talpur,","Evaluation of Calcium, Magnesium, Potassium and Sodium in  Biological Samples of Male Human Immunodeficiency Virus Patients with Tuberculosis and Diarrhea Compared to Healthy Control Subjects in Pakistan.",Clinical Laboratory,Clinical Lab ,1.084,https://www.clin-lab-publications.com/," 2013,",59,539-550.,
162,"Afridi, H.I., Kazi, T.G., Kazi, N., Naeemullah, Arain, S.S., Brahman, K.D., Wadhwa, S.K","Evaluation of chromium, cobalt and manganese in biological samples (scalp hair, blood, and urine) of Pakistani viral hepatitis (A-E) patients and controls. ",Clinical Laboratory,Clinical Lab ,1.084,https://www.clin-lab-publications.com/,2013,59 (3-4),247 – 256.,
163,"H. I. Afridi, T. G. Kazi, Farah N. Talpur, N. Kazi, F Shah, Naeemullah,  Sadaf S. Arain, KD, Brahman"," Evaluation of Calcium, Magnesium, Potassium and Sodium in Biological Samples of Male Human Immunodeficiency Virus Patients with Tuberculosis and Diarrhea Compared to Healthy Control Subjects in Pakistan",Clinical Laboratory,Clinical Laboratory,1.084,https://www.clin-lab-publications.com/,2013,59(5-6):539,50,
164,"H. I. Afridi, T.G. Kazi, N. Kazi, Naeemullah, S. S. Arain, K. D. Brahman, F.N. Talpur,  ","Evaluations of Calcium, Magnesium, Potassium and Sodium in Biological Samples of human immunodeficiency virus male patients having tuberculosis and diarrhea with related to referents in Pakistan",Clinical Laboratory,Clinical Laboratory,1.084,https://www.clin-lab-publications.com/,2013,,,
165,"Hassan Imran Afridi, Tasneem Gul Kazi, Farah Naz Talpur, Salma Arain, Sadaf Sadia Arain, Naveed Kazi, Abdul Haleem Panhwar,"," Evaluation of chromium and manganese in biological samples (scalp hair, blood and urine) of tuberculosis and diarrhea male human immunodeficiency virus patients",Clinical Laboratory,Clinical laboratory,1.084,https://www.clin-lab-publications.com/,. (Accepted) 1+2/2014. ,,,
166,"bdul Haleem Panwar, T. G. Kazi, H. I. Afridi, Farah N. Talpur. N. Kazi. "," ADistribution of Potassium, Calcium, Magnesium, and Sodium levels in Biological Samples of Pakistani hypertensive Patients and control subjects",Clinical Laboratory,Clinical laboratory,1.084,https://www.clin-lab-publications.com/,2014,,"5-6,",
167,"H. I. Afridi, T. G. Kazi , N. Kazi , F.N.Talpur, F.Shah, Naeemullah, S.S.Arain, K.P. Brahman","Evaluation of Status of Arsenic, Cadmium, Lead and Zinc Levels in Biological Samples of Normal and Arthritis Patients of Age Groups (46 - 60) and (61 - 75) Years",Clinical Laboratory,Clinical Laboratory doi: 10.7754/Clin.Lab.2012.120126,1.084,https://www.clin-lab-publications.com/,2013,59,143-153,
168,"  Y. Junejo, A. Baykal, Sirajuddin."," Green Chemical Synthesis of Silver Nanoparticles and its Catalytic Activity,",Journal Of Inorganic And Organometallic Polymers,J Inorg Organomet Polym,1.077,http://www.springer.com/chemistry/inorganic+chemistry/journal/10904,"2013,",I 10.1007/,s10904-013-9974,
169,"Aamna Balouch, Mazhar Kolachi, Farah Naz Talpur, Humaira Khan, M. I. Bhanger,  ","Sorption Kinetics, Isotherm and Thermodynamic modeling of Defluoridation of Ground water using Natural Adsorbents,",Americal Journal of Analytical Chemistry, American Journal of Analytical Chemistry,1.05,http://www.scirp.org/Journal/Home.aspx?JournalID=203,", 2013 "," 4, ", 1-10îîîView    31. ,
170,"Aamna Balouch, Mazhar Kolachi, Farah Naz Talpur, Humaira Khan, M. I. Bhanger","Sorption Kinetics, Isotherm and Thermodynamic modeling of Defluoridation of Ground water using Natural Adsorbents",American Journal of Analytical Chemistry ,American Journal of Analytical Chemistry ,1.05,http://www.scirp.org/Journal/Home.aspx?JournalID=203,"2013, ","4, 5, ",221-228.,
171,"A Balouch, M Kolachi, FN Talpur, H Khan, MI Bhanger",Isotherm and Thermodynamic Modeling of Defluoridation of Ground Water Using Natural Adsorbents,American Journal of Analytical Chemistry ,American Journal of Analytical Chemistry ,1.05,http://www.scirp.org/Journal/Home.aspx?JournalID=203,2013,"4,", 221   3.,
172,"AA Bhatti, AA Bhatti, IB Solangi, S Memon,  ","Pb2+ adsorption behavior of calix [4] arene based Merrifield Resin,",Desalination and Water Treatment, Desalination and Water Treatment,0.988,http://www.deswater.com/,2013," 51 (22-24),", 4666-4674.    ,
173," Memon S., Memon S. and Memon N.",A Highly Efficient p-tert-butylcalix[8]arene Based Modified Silica for Removal of Hexachlorocyclohexane Isomers from Aqueous Media”,Desalination and Water Treatment,Desal. Water Treat ,0.988,http://www.deswater.com/,2013,"1-11,",,
174, Memon S.; Memon N. and Memon S,Removal of carbofuran and methylparathion from aqueous media through calix[4]arene based impregnated resin. ,Desalination and Water Treatment,"Desal. Water Treat 1-11, ",0.988,http://www.deswater.com/,2014,,,
175," Bhatti, A.A.; Bhatti, A.A.; Solangi, I.B. and Memon S. ",Pb2+ Adsorption Behavior of Calix[4]arene Based Merrifield Resin” ,Desalination and Water Treatment,Desal. Water Treat 51 ,0.988,http://www.deswater.com/,2013,(22-24) ,4666-4674,
176,"Sibghatullah Memon Shahabuddin Memon, Najma Memon",A highly efficient p-tert-butylcalix[8]arene-based modified silica for the removal of Hexachlorocyclohexane isomers from aqueous media.,Desalination and Water Treatment,Desalin Water Treat DOI: 10.1080/19443994.2013.794710,0.988,http://www.deswater.com/,2013,Published online: 24 May 2013,,
177,"Sibghatullah Memon Shahabuddin Memon, Najma Memon",A highly efficient p-tert-butylcalix[8]arene-based modified silica for the removal of Hexachlorocyclohexane isomers from aqueous media,Desalination and Water Treatment,Desalination and Water Treatment DOI: 10.1080/19443994.2013.794710,0.988,http://www.deswater.com/,2013,Published online: 24 May 2013,,
178,"Sibghatullah Memon, Najma Memon, Shahabuddin Memon, ","Removal of carbofuran and methylparathion from aqueous media through calix [4] arene-based impregnated resin, ",Desalination and Water Treatment,"Desalination and Water Treatment, DOI:10.1080/19443994.2014.891464",0.988,http://www.deswater.com/,2013,,,
179,"Laghari, A.H.; Memon, S.; Nelofar, A. and Khan, K.M. “", Determination of volatile constituents and antimicrobial activity of Camel thorn (Alhagi camelorum) flowers,Analytical Letters," Anal Lett 47,",0.982,http://www.tandf.co.uk/journals/titles/00032719.asp,2014,"413–421,",,
180,"Zaheer A. Chandio, Farah N. Talpur, Humaira Khan,Ghulam Quadir Khaskheli, H.I. Afridi","Online preconcentration using surfactant coated alumina modified with 1, 5-diphenylthiocarbazone and determination of cadmium in environmental samples by flame atomic absorption spectrometry",Analytical Letters,Anal Lett,0.982,http://www.tandf.co.uk/journals/titles/00032719.asp,2013,46,1568-1572,
181,"Kamran Abro, Najma Memon, M. I. Bhanger, Suhail Abro, Shahnaz Perveen and A. H. Laghari"," Determination of Vitamins E, D3, and K1 in Plasma by Liquid Chromatography-Atmospheric Pressure Chemical Ionization- Mass Spectrometry Utilizing a Monolithic Column.",Analytical Letters,Anal Lett ,0.982,http://www.tandf.co.uk/journals/titles/00032719.asp,2013,54,,
182,"Kamran Abro, Najma Memon, M. I. Bhanger, Suhail Abro, Shahnaz Perveen and A. H. Laghari","Determination of Vitamins E, D3, and K1 in Plasma by Liquid Chromatography-Atmospheric Pressure Chemical Ionization- Mass Spectrometry Utilizing a Monolithic Column,",Analytical Letters,Analytical Letters,0.982,http://www.tandf.co.uk/journals/titles/00032719.asp,2013,,,
183," ZA Chandio, FN Talpur, H Khan, GQ Khaskheli, HI Afridi","Online Preconcentration Using Surfactant Coated Alumina Modified with 1, 5-Diphenylthiocarbazone and Determination of Cadmium in Environmental Samples by Flame Atomic Absorption Spectrometry ",Analytical Letters,Analytical Letters ,0.982,http://www.tandf.co.uk/journals/titles/00032719.asp,2013,  46 (10),1562-1572 ,
184,"R. Sert, A. Hol, A. A. Kartal, A Akdogan, A. Elçi, J. A. Baig, U. Divrikli, L. Elçi, ","Simultaneous Solid Phase Chelate Extraction for Ultratrace Determination of Copper, Nickel, and Zinc by Microsample Injection System Coupled Flame Atomic Absorption Spectrometry",Analytical Letters,Analytical Letters ,0.982,http://www.tandf.co.uk/journals/titles/00032719.asp,2013,46(16),2570-2582,
185,"R. Sert, A. Höl, A. A. Kartal, A Akdo?an, A. Elçi, J. A. Baig, U. Divrikli, L. Elçi,  ","Simultaneous Solid Phase Chelate Extraction for Ultratrace Determination of Copper, Nickel, and Zinc by Microsample Injection System Coupled Flame Atomic Absorption Spectrometry",Analytical Letters,Analytical Letters (2013),0.982,http://www.tandf.co.uk/journals/titles/00032719.asp,2013,46(16),2570-2582,
186,"Samejo, M.Q.; Memon, S.; Bhanger, M.I. and Khan, K.M.",Comparison of chemical composition of Aerva Javanica seed essential oils obtained by different extraction methods,Pakistan Journal of Pharmaceutical Sciences,Pak. J. Pharm. Sci ,0.95,http://www.pjps.pk/authorsinfo.htm,2013,26(4),757-760,Y
187,"Samejo, M. Q., Memon, S., Bhanger, M. I. and Khan, K. M.",Comparison of Chemical Composition of Aerva javanica Seed Essential Oils Obtained by Different Extraction Methods.,Pakistan Journal of Pharmaceutical Sciences,Pakistan Journal of Pharmaceutical Sciences,0.95,http://www.pjps.pk/authorsinfo.htm,2013,26(4),757,Y
188,"J. A. Baig, T. G. Kazi, L Elci, H. I. Afridi, M. I. Khan, H. M. Naseer",Ultratrace Determination of Cr (VI) and Pb (II) by Microsample Injection System Flame Atomic Spectroscopy in Drinking Water and Treated and Untreated Industrial Effluents.,Journal of Analytical Methods in Chemistry,Journal of analytical methods in chemistry http://dx.doi.org/10.1016/j.chemosphere.2013.11.035,0.948,http://dx.doi.org/10.1016/j.chemosphere.2013.11.035,2013,58,1-8,
189,"J. A. Baig, T. G. Kazi, L Elci, H. I. Afridi, M. I. Khan, H. M. Naseer,  ",Ultratrace Determination of Cr (VI) and Pb (II) by Microsample Injection System Flame Atomic Spectroscopy in Drinking Water and Treated and Untreated Industrial Effluents,Journal of analytical methods in chemistry,Journal of analytical methods in chemistry http://dx.doi.org/10.1016/j.chemosphere.2013.11.035,0.948,NA,2013,,94,
190,"Kamran Abro, S. A. Mahesar, Seema Iqbal and Shahnaz Perveen.  ",Quantification of malachite green in fish feed samples utilizing liquid chromatography tandem mass spectrometry with monolithic column,Food Additives & Contaminants Part B-Surveillance,Food Additives and Contaminants ,0.914,http://www.tandfonline.com/openurl?genre=journal&issn=1939-3210,accepted,37,,
191,"Z. H. Shar, G. A. Sumbal, S. T. H. Sherazi, M. I. Bhanger, S. M. Nizamani, ",Natural co-occurrence of aflatoxins and deoxynivalenol in poultry feed samples,Food Additives & Contaminants Part B-Surveillance,Food Additt Contamin - Part B Accepted for publication,0.914,http://www.tandfonline.com/openurl?genre=journal&issn=1939-3210,2013,68),,
192,"Bhatti, A.A., Memon S. and Memon N",Synthesis and Dichromate Extraction Study of Calix[4]arene Derivative. ,Polycyclic Aromatic Compounds , Polycyclic Aromatic Compounds ,0.833,http://www.tandfonline.com/openurl?genre=journal&issn=1040-6638,2014,34 (2) ,"103-114, ",
193,Memon S. and Bhatti A.A,Arsenate and dichromate removal efficiency of a new calix[4]arene impregnated resin,Polycyclic Aromatic Compounds , Polycyclic Aromatic Compounds. ,0.833,http://www.tandfonline.com/openurl?genre=journal&issn=1040-6638,2014,34 (3)," 280–308, ",
194,"Serdar Sar?, Asl?han Arslan Kartal, Aydan Elçi, Abdullah Akdo?an, Aysen Höl, Ali N. Siyal, Latif Elçi,  ","Solid-phase chelate extractive preconcentration of heavy metal ions prior to their ultratrace determination by microsample injection system coupled flame atomic absorption spectrometry,",Acta Chimica Slovenica,Acta Chimica Slovenica,0.81,http://acta.chem-soc.si,2013,60(4),901-907,
195,"Khan, S., Soylak, M., Kazi, T.G",A simple ligandless microextraction method based on ionic liquid for the determination of trace cadmium in water and biological samples,Toxicological and Environmental Chemistry,Toxicological and Environmental Chemistry,0.723,NA,2013,"95,  7, ",1069–1079,
196,"Ali N. Siyal, Saima Q. Memon, Sajida Parveen, Mazhar I. Khaskheli and M.Y. Khuhawar,  ","Recycling of Expanded Polystyrene Waste: Synthesis of Novel Functional Polystyrene-Hydrazone Surface for Phenol Removal,",journal of Chemistry, Journal of Chemistry,0.622,http://www.hindawi.com/journals/jchem/2013/184356/,2013,, 1-8.    ,
197,"Arfana Mallah,  Amber R. Solangi,  Najma Memon,  Rabia A. Memon,  Muhammad Y. Khuhawar","Reversed-Phase Liquid Chromatographic Separation and Determination of Ni(II), Cu(II), Pd(II), and Ag(I) Using 2-Pyrrolecarboxaldehyde-4-phenylsemicarbazone as a Complexing Reagent",journal of Chemistry, Journal of Chemistry,0.622,http://www.hindawi.com/journals/jchem/2013/184356/,2013,http://dx.doi.org/10.1155/2013/184356,http://dx.doi.org/10.1155/2013/184356,
198,"Arfana Mallah,  Amber R. Solangi,  Najma Memon,  Rabia A. Memon,  Muhammad Y. Khuhawar","Reversed-Phase Liquid Chromatographic Separation and Determination of Ni(II), Cu(II), Pd(II), and Ag(I) Using 2-Pyrrolecarboxaldehyde-4-phenylsemicarbazone as a Complexing Reagent.",journal of Chemistry,J Chemistry   http://dx.doi.org/10.1155/2013/184356,0.622,http://www.hindawi.com/journals/jchem/2013/184356/,2013,http://dx.doi.org/10.1155/2013/184356,http://dx.doi.org/10.1155/2013/184356,
199,"Arfana Mallah, Amber R. Solangi, Najma Memon, Rabia A. Memon, Muhammad. Y. Khuhawar,","Reverse Phase Liquid Chromatographic Separation and Determination of Ni (II), Cu (II), Pd (II) and Ag (I) Using 2-Pyrrolcarboxylaldehyde-4-Phenyl Semicarbazone as Complexing Reagent",journal of Chemistry,J. Chem,0.622,http://www.hindawi.com/journals/jchem/2013/184356/,2013,http://dx.doi.org/10.1155/2013/184356,http://dx.doi.org/10.1155/2013/184356,
200,"Mohammad W. Ashraf, Syed Iqleem H. Taqvi, Amber R. Solangi and Umair A. Qureshi.","Synthesis, Characterization and Antibacterial and Antifungal Studies of Schiff base Polymers derived from Methylene bis Cinnamaldehyde ",journal of Chemistry,J. Chem Article ID. DOI 10.1155/2013/873959.,0.622,http://www.hindawi.com/journals/jchem/2013/184356/,2013,2013,,
201,"Mohammad W. Ashraf, Syed Iqleem H. Taqvi, Amber R. Solangi and Umair A. Qureshi", Distribution and Risk Assessment of Polycyclic Aromatic Hydrocarbons in Vegetables Grown in Pakista,journal of Chemistry,J. Chem DOI 10.1155/2013/873959,0.622,http://www.hindawi.com/journals/jchem/2013/184356/,2013,vol. 2013,ID 873959,
202,"MT Mahar, MY Khuhawar, TM Jahangir, MA Baloch ",Health Risk Assessment of Heavy Metals in Groundwater: The Effect of Evaporation Ponds of Distillery Spent Wash ,journal of Chemistry,"J. Chem, 2013 - davidpublishing.com",0.622,http://www.hindawi.com/journals/jchem/2013/184356/,2013,,,
203,"Ali N. Siyal, Saima Q. Memon, Aydan Elçi, Umit Divrikli, Aysen Hol, Aslihan, M.Y Khuhawar and Latif E",Development of 2-Acetylpyridine-4-phenyl-3-thiosemicarbazone functionalized polymer resin for the preconcentration of metal ions prior to their ultra-trace determinations by MIS-FAAS  Turkish,Journal of Chemistry,Journal of Chemistry  ,0.622,http://www.hindawi.com/journals/jchem/2013/184356/,)(2014), 38 (4, 553-567 2. ,
204,"TM Jahangir, MY Khuhawar, SM Laghari, MA Mahar and MS Baluch",Water Quality Assessment of Haleji lake  (Sindh Pakistan) AA Ramsar Recognized Site,Journal of Chemical Society Pakistan, J. Chem Soc. Pakistan ,0.612,NA,2013,35(3),1004-1016,W
205,"SYED TUFAIL HUSSAIN SHERAZI*, ZAHID HUSSAIN SHAR, MUHAMMAD IQBAL BHANGER, GUL AMER SUMBAL, SHAFI MUHAMMAD NIZAMANI,  ",Economical Appraisal of Total Aflatoxin Level in the Poultry Feeds by Fourier Transform Infrared Spectroscopy,Journal of Chemical Society Pakistan," Journal of Pakistan Chemical Society, (Accepted)",0.612,NA,accepted,,,W
206,"Rabel Soomro, Najma Memon, Muhammad Iqbal Bhanger, Muhammad Kashif Samoon.",Microemulsion based organogel -silica composite as feasible matrix for immobilization of horseradish peroxidase: Application to oxidative removal of phenol from aqueous system,Journal of Chemical Society Pakistan,J Chem Soc of Pak,0.612,,2013,35(3),938-946,W
207,"Rabel Soomro,  Najma Memon,  Muhammad lqbal Bhanger and Muhammad  Kashif Samoon",Microemulsion Based Organogel-silica  Composite as Feasible Matrix for lmmobilizatin of Horseradish  Peroxidase.  Application  to Oxidative  Removal  of Phenol from Aqueous System,Journal of Chemical Society Pakistan,J.Chem. Soc. Pak.,0.612,NA,2013,"vol 35, No.3",,W
208,"Moina Akhtar Mughal*, 2 Akhtar Mughal, 1 Ghulam. Zuhra Memon 3 Mohammad Yar Khuhawarand 1 Nusrat Naeem Memon",Synthesis and Characterization of Carboxymethyl Chitosan and its Effect on Turbidity Removal of River Water,Journal of Chemical Society Pakistan,J.Chem.Soc.Pak.,0.612,NA,2013,"vol 35, No.6",,W
209,"Zafar Hussain Ibupoto, Kimleang Khun and Magnus Willander   ",Selective Lead Ion Sensor Based on the CuO Nanoshuttles ,Sensor Letters,Sensor Letters,0.558,http://www.aspbs.com/sensorlett.html,2013,11(11),2049-2054,
210,"Saddozai, SWA Baloch WM Achakzai and N Memon",Population dynamics and ecology of freshwater Gastropods in Manchar Lake Sindh Pakistan,Journal of Animal and Plant Sciences, J. Ani. Plant. Sci,0.549,NA,2013,23(4),1089-1093,
211,"Muhammad Ali Ghoto',  Abdulluh Dayo,  Naeem Tariq  Narejo Mohsin Ali ' Muhammad  Akram. Imran Surehyani,  Abbas Ali","IMPACT OF IMPROPER  PATIENT COUNSELLING FACTOR  IN DRIJG MISUSE,  ABUSE:A.  CASE STUDY  OF HYDERABAD CITY, PAKISTAN ",BOTHALIA,BOTHALIA JOURNAL 2013,0.412,http://www.sanbi.org/,2013,vol 43 No. 10,,
212,"Moina Akhtar Mughal 1 , Akhtar  H.  Mughal 2 , Zeenat M. Ali 3 , Mohammad Yar Khuhawar 4 , Hussain Saleem 5*","Antimicrobial, Thermoanalytical and Viscometric Studies ofMetal Based Schiff Base Polymer",International Journal of Advancements in Research & Technology ,International Journal of Advancements in  Research & Technology,0.4,http://www.ijoart.org/,2013,"vol 2, issue8",,
213,"Altaf H. Nizamani 1 ,  Muhammad A. Rind 1 ,  Nek Muhammad Shaikh 1 , Akhtar H. Moghal 1 ,  Hussain Saleem ",Versatile Ultra High Vacuum System for ION Trap Experiments: Design and Implementation ,International Journal of Advancements in Research & Technology ,International Journal of Advancements in Research & Technology,0.4,http://www.ijoart.org/,2013,"Vo l ume 2 , Issue 5",502,
214,"Zeenat M Ali, Moina Akhtar Mughal, A Jabbar Laghari, AK Ansari, Hussain Saleem",Polymeric Cellulose Derivative: Carboxymethyl-Cellulose as useful Organic Flocculant against Industrial Waste Waters,International Journal of Advancements in Research & Technology ,International Journal of Advancements in Research & Technology ,0.4,http://www.ijoart.org/,2013,"vol 2, issue 8",,
215,"Ambreen Shah and Asif A. Shah,",Viscometric Study of Bis(cinnamaldehyde) and their Schiff Base Polymers in DMF and THF Solution at 30 ºC ,Asian Journal of Chemistry, Asian Journal of Chemistry  ,0.355,http://www.asianjournalofchemistry.co.in/Home.aspx,2013,"25, No. 13,",7513-7516 ,
216,"KU Abbasi, MY Khuhawar*, KP Mahar, Arfana Mallah and A. Nawaz Siyal","Gas Chromatographic Determination of a-Keto Acids in Pharmaceutical Preparation Using 1, 2-Propylenediamine as Derivatizing Reagent KU Abbasi, MY Khuhawar, KP Mahar…",Asian Journal of Chemistry,Asian J Chem asianjournalofchemistry.co.in,0.355,http://www.asianjournalofchemistry.co.in/Home.aspx,2013,,,
217,"M.A. MUGHAL  A. MUGHAL G. ZUHRA MEMOn,  M.Y. KHUHAWAR and SUMERA QURESHI","Synthesis, Characterization, Viscosity and Thermo Analytical Studies ofSchiff Base Polymers Derived from 6,6-Methylene bis(1-napthaldehyde)",Asian Journal of Chemistry,Asian Journal of Chemistry,0.355,http://www.asianjournalofchemistry.co.in/Home.aspx,2013,25 No.17,9931-9935,
218,"M.A. MUGHAL, AKHTAR MUGHAL, G. ZUHRA MEMON, and MOHAMMAD Y. KHUHAWAR","Synthesis and Characterization of Antimicrobial Metal Based PolymericLigand Derived from 4,4&#039;-Methylene-bis(furfuraldehyde)",Asian Journal of Chemistry,Asian Journal of Chemistry,0.355,http://www.asianjournalofchemistry.co.in/Home.aspx,2013,25 No. 11,6327-6333,
219,"KF ALMANI, MGH LAGHARI, AH MEMON, FMA RIND, UR MUGHAL, MI MAHESHWARI, MY KHUHAWAR",pectrophotometric  Determination  of Isoniazid from Pharmaceutical Preparations Using Natural  Aldehyde,Asian Journal of Chemistry,Asian Journal of Chemistry ,0.355,http://www.asianjournalofchemistry.co.in/Home.aspx,2013,25 No. 5,2522-2526,
220,"Ambreen Shah, & Asif A Shah","Synthesis of Some New Schiff bases of 2-hydroxy-benzaldehyde and 2-Hydroxynaphthaldehyde with 1, 2-phenylenediamine and 4-aminophenyl ether ",Asian Journal of Chemistry,Asian Journal of Chemistry  ,0.355,http://www.asianjournalofchemistry.co.in/Home.aspx,2013,"25, No. 8",,
221,"K. Abbasi,. M. Y.  Khuhawar,  K.P. Mahar, A. Mallah, A. Naawaz. Siyal","Gas chromatographic determination of ?-Keto acids in Pharmaceutical Preparation using 1, 2-Propylenediamine as Derivatizing Reagent,",Asian Journal of Chemistry,Asian Journal of Chemistry  ,0.355,http://www.asianjournalofchemistry.co.in/Home.aspx,2013,"25, No. 3",1,
222,"Kimleang Khun, Zafar Hussain Ibupoto, Mohammad AlSalhi, Muhammad Atif, Anees Ansari and Magnus Willander   ",Fabrication of Well-Aligned ZnO Nanorods Using a Composite Seed Layer of ZnO Nanoparticles and Chitosan,Journal Of Polymer Materials,Polymer  Materials,0.253,http://www.degruyter.com/view/j/polyeng,2013,6(10),4361-4374,
